{"metadata":{"asset_id":"86c184ee-b052-4bed-9b5c-192832d055d3","asset_attributes":["data_asset"],"name":"applicant_personal_data.csv","asset_type":"data_asset","created_at":"2021-05-25T14:19:01Z","description":"","origin_country":"us","owner_id":"IBMid-060000B8AS","project_id":"6e3eb6e8-8fa5-4d50-94b5-03b8c9389825","size":884234,"tags":[],"usage":{"last_update_time":1621952342490,"last_updated_at":"2021-05-25T14:19:02Z"}},"entity":{"data_asset":{"mime_type":"text/csv","dataset":false}},"attachments":[{"id":"7a97b2e4-8f88-4108-a1d3-f965307018eb","version":2,"asset_type":"data_asset","name":"applicant_personal_data.csv","mime":"text/csv","datasource_type":"193a97c1-4475-4a19-b90c-295c4fdc6517","object_key":"applicant_personal_data.csv","creator_id":"iam-ServiceId-f49c5558-c247-4983-a04f-7d3c7a3d55da","create_time":1621952342085,"size":884234,"is_remote":false,"is_managed":false,"is_referenced":true,"is_object_key_read_only":false,"is_user_provided_path_key":true,"transfer_complete":true,"is_partitioned":false,"complete_time_ticks":1621952342085,"user_data":{},"test_doc":0,"handle":{"bucket":"ddc2021devtoproductionproject-donotdelete-pr-ivmxctqxjxudls","location":"us-geo","key":"applicant_personal_data.csv","upload_id":"done","max_part_num":1},"usage":{"access_count":0,"last_accessor_id":"iam-ServiceId-f49c5558-c247-4983-a04f-7d3c7a3d55da","last_access_time":1621952342085}}]}
