{"metadata":{"asset_id":"aa0eb6d0-c189-410b-9b7c-804284078bb7","asset_attributes":["data_asset"],"name":"applicant_loan_data.csv","asset_type":"data_asset","created_at":"2021-05-09T15:12:16Z","description":"","origin_country":"us","owner_id":"IBMid-060000GRS6","project_id":"60d6ba83-3bc9-4348-9dfc-73dfc6894479","size":350337,"tags":[],"usage":{"last_update_time":1620573137612,"last_updated_at":"2021-05-09T15:12:17Z"}},"entity":{"data_asset":{"mime_type":"text/csv","dataset":false}},"attachments":[{"id":"933946d2-7840-4db1-9b6c-db7028ad5fcc","version":2,"asset_type":"data_asset","name":"applicant_loan_data.csv","mime":"text/csv","datasource_type":"193a97c1-4475-4a19-b90c-295c4fdc6517","object_key":"applicant_loan_data.csv","creator_id":"IBMid-060000GRS6","create_time":1620573137611,"size":350337,"is_remote":false,"is_managed":false,"is_referenced":true,"is_object_key_read_only":true,"is_user_provided_path_key":true,"transfer_complete":true,"is_partitioned":false,"complete_time_ticks":1620573137611,"user_data":{},"test_doc":0,"handle":{"bucket":"ddc2021coursedevtoproduction-donotdelete-pr-dzsaih3btdhdz9","location":"us-geo","key":"applicant_loan_data.csv","upload_id":"done","max_part_num":1},"usage":{"access_count":0,"last_accessor_id":"IBMid-060000GRS6","last_access_time":1620573137611}}]}
