{"metadata":{"asset_id":"887c0cbb-8721-4179-b216-72715870215a","asset_attributes":["data_asset"],"name":"german_credit_data.csv","asset_type":"data_asset","created_at":"2021-05-12T16:30:29Z","description":"","origin_country":"us","owner_id":"IBMid-060000B8AS","project_id":"008df86f-4b54-44e2-98c4-26f2fdf346a8","size":874633,"tags":[],"usage":{"last_update_time":1620837030837,"last_updated_at":"2021-05-12T16:30:30Z"}},"entity":{"data_asset":{"mime_type":"text/csv","dataset":false}},"attachments":[{"id":"45976b1c-e67b-4ec2-8fe8-4bc5867c5a8e","version":2,"asset_type":"data_asset","name":"german_credit_data.csv","mime":"text/csv","datasource_type":"193a97c1-4475-4a19-b90c-295c4fdc6517","object_key":"german_credit_data.csv","creator_id":"IBMid-060000B8AS","create_time":1620837030837,"size":874633,"is_remote":false,"is_managed":false,"is_referenced":true,"is_object_key_read_only":true,"is_user_provided_path_key":true,"transfer_complete":true,"is_partitioned":false,"complete_time_ticks":1620837030837,"user_data":{},"test_doc":0,"handle":{"bucket":"ddcdevtoproductionproject-donotdelete-pr-01yem3fexmartq","location":"us-geo","key":"german_credit_data.csv","upload_id":"done","max_part_num":1},"usage":{"access_count":0,"last_accessor_id":"IBMid-060000B8AS","last_access_time":1620837030837}}]}
