{"metadata":{"asset_id":"c147b806-63d7-4627-a2bf-30a18ec74271","asset_attributes":["data_asset"],"name":"German-Credit-Risk-SmallBatchSet.csv","asset_type":"data_asset","created_at":"2021-05-12T16:30:29Z","description":"","origin_country":"us","owner_id":"IBMid-060000B8AS","project_id":"008df86f-4b54-44e2-98c4-26f2fdf346a8","size":2207,"tags":[],"usage":{"last_update_time":1620991608680,"last_updated_at":"2021-05-14T11:26:48Z"}},"entity":{"data_asset":{"mime_type":"text/csv","dataset":false}},"attachments":[{"id":"b4c62173-d102-4d2a-a151-f167d5022972","version":2,"asset_type":"data_asset","name":"German-Credit-Risk-SmallBatchSet.csv","mime":"text/csv","datasource_type":"193a97c1-4475-4a19-b90c-295c4fdc6517","object_key":"German-Credit-Risk-SmallBatchSet.csv","creator_id":"IBMid-060000B8AS","create_time":1620837030721,"size":2207,"is_remote":false,"is_managed":false,"is_referenced":true,"is_object_key_read_only":true,"is_user_provided_path_key":true,"transfer_complete":true,"is_partitioned":false,"complete_time_ticks":1620837030721,"user_data":{},"test_doc":0,"handle":{"bucket":"ddcdevtoproductionproject-donotdelete-pr-01yem3fexmartq","location":"us-geo","key":"German-Credit-Risk-SmallBatchSet.csv","upload_id":"done","max_part_num":1},"usage":{"access_count":3,"last_accessor_id":"IBMid-060000B8AS","last_access_time":1620991608679,"last_updater_id":"IBMid-060000B8AS","last_update_time":1620991608679}}]}
