{"metadata":{"asset_id":"a628ee3b-8d11-401f-b3ef-32595e19f6ba","asset_attributes":["data_asset"],"name":"applicant_personal_data.csv","asset_type":"data_asset","created_at":"2021-05-12T01:59:34Z","description":"","origin_country":"us","owner_id":"IBMid-060000B8AS","project_id":"008df86f-4b54-44e2-98c4-26f2fdf346a8","size":884234,"tags":[],"usage":{"last_update_time":1620784774865,"last_updated_at":"2021-05-12T01:59:34Z"}},"entity":{"data_asset":{"mime_type":"text/csv","dataset":false}},"attachments":[{"id":"e641d47f-2e9e-4e8e-8ee3-4f91f346fc93","version":2,"asset_type":"data_asset","name":"applicant_personal_data.csv","mime":"text/csv","datasource_type":"193a97c1-4475-4a19-b90c-295c4fdc6517","object_key":"applicant_personal_data.csv","creator_id":"iam-ServiceId-f49c5558-c247-4983-a04f-7d3c7a3d55da","create_time":1620784774721,"size":884234,"is_remote":false,"is_managed":false,"is_referenced":true,"is_object_key_read_only":false,"is_user_provided_path_key":true,"transfer_complete":true,"is_partitioned":false,"complete_time_ticks":1620784774721,"user_data":{},"test_doc":0,"handle":{"bucket":"ddcdevtoproductionproject-donotdelete-pr-01yem3fexmartq","location":"us-geo","key":"applicant_personal_data.csv","upload_id":"done","max_part_num":1},"usage":{"access_count":0,"last_accessor_id":"iam-ServiceId-f49c5558-c247-4983-a04f-7d3c7a3d55da","last_access_time":1620784774721}}]}
