{"metadata":{"asset_id":"0c17ba33-aaad-46a5-9cfd-d5ff10c08aea","asset_attributes":["data_asset"],"name":"applicant_financial_data.csv","asset_type":"data_asset","created_at":"2021-05-09T15:12:16Z","description":"","origin_country":"us","owner_id":"IBMid-060000GRS6","project_id":"60d6ba83-3bc9-4348-9dfc-73dfc6894479","size":434679,"tags":[],"usage":{"last_update_time":1620573137623,"last_updated_at":"2021-05-09T15:12:17Z"}},"entity":{"data_asset":{"mime_type":"text/csv","dataset":false}},"attachments":[{"id":"c3d78c7d-62b3-4d03-849f-036e5bb6f88d","version":2,"asset_type":"data_asset","name":"applicant_financial_data.csv","mime":"text/csv","datasource_type":"193a97c1-4475-4a19-b90c-295c4fdc6517","object_key":"applicant_financial_data.csv","creator_id":"IBMid-060000GRS6","create_time":1620573137623,"size":434679,"is_remote":false,"is_managed":false,"is_referenced":true,"is_object_key_read_only":true,"is_user_provided_path_key":true,"transfer_complete":true,"is_partitioned":false,"complete_time_ticks":1620573137623,"user_data":{},"test_doc":0,"handle":{"bucket":"ddc2021coursedevtoproduction-donotdelete-pr-dzsaih3btdhdz9","location":"us-geo","key":"applicant_financial_data.csv","upload_id":"done","max_part_num":1},"usage":{"access_count":0,"last_accessor_id":"IBMid-060000GRS6","last_access_time":1620573137623}}]}
