{"metadata":{"asset_id":"6d6855dd-201b-4681-89ae-cf6f607c7a7c","asset_attributes":["data_asset"],"name":"german_credit_data.csv","asset_type":"data_asset","created_at":"2021-05-25T14:19:01Z","description":"","origin_country":"us","owner_id":"IBMid-060000B8AS","project_id":"6e3eb6e8-8fa5-4d50-94b5-03b8c9389825","size":879632,"tags":[],"usage":{"last_update_time":1621952342407,"last_updated_at":"2021-05-25T14:19:02Z"}},"entity":{"data_asset":{"mime_type":"text/csv","dataset":false}},"attachments":[{"id":"51645611-83e7-4471-b1db-fd5654765f8d","version":2,"asset_type":"data_asset","name":"german_credit_data.csv","mime":"text/csv","datasource_type":"193a97c1-4475-4a19-b90c-295c4fdc6517","object_key":"german_credit_data.csv","creator_id":"iam-ServiceId-f49c5558-c247-4983-a04f-7d3c7a3d55da","create_time":1621952342218,"size":879632,"is_remote":false,"is_managed":false,"is_referenced":true,"is_object_key_read_only":false,"is_user_provided_path_key":true,"transfer_complete":true,"is_partitioned":false,"complete_time_ticks":1621952342218,"user_data":{},"test_doc":0,"handle":{"bucket":"ddc2021devtoproductionproject-donotdelete-pr-ivmxctqxjxudls","location":"us-geo","key":"german_credit_data.csv","upload_id":"done","max_part_num":1},"usage":{"access_count":0,"last_accessor_id":"iam-ServiceId-f49c5558-c247-4983-a04f-7d3c7a3d55da","last_access_time":1621952342218}}]}
