{"metadata":{"asset_id":"13e1f33a-9f29-4f5b-bab4-21e58c90d3e5","asset_attributes":["data_asset"],"name":"applicant_financial_data.csv","asset_type":"data_asset","created_at":"2021-05-25T14:19:01Z","description":"","origin_country":"us","owner_id":"IBMid-060000B8AS","project_id":"6e3eb6e8-8fa5-4d50-94b5-03b8c9389825","size":434679,"tags":[],"usage":{"last_update_time":1621952342590,"last_updated_at":"2021-05-25T14:19:02Z"}},"entity":{"data_asset":{"mime_type":"text/csv","dataset":false}},"attachments":[{"id":"4f65b12d-14d3-4bd7-a539-3bf1958803df","version":2,"asset_type":"data_asset","name":"applicant_financial_data.csv","mime":"text/csv","datasource_type":"193a97c1-4475-4a19-b90c-295c4fdc6517","object_key":"applicant_financial_data.csv","creator_id":"iam-ServiceId-f49c5558-c247-4983-a04f-7d3c7a3d55da","create_time":1621952341982,"size":434679,"is_remote":false,"is_managed":false,"is_referenced":true,"is_object_key_read_only":false,"is_user_provided_path_key":true,"transfer_complete":true,"is_partitioned":false,"complete_time_ticks":1621952341982,"user_data":{},"test_doc":0,"handle":{"bucket":"ddc2021devtoproductionproject-donotdelete-pr-ivmxctqxjxudls","location":"us-geo","key":"applicant_financial_data.csv","upload_id":"done","max_part_num":1},"usage":{"access_count":0,"last_accessor_id":"iam-ServiceId-f49c5558-c247-4983-a04f-7d3c7a3d55da","last_access_time":1621952341982}}]}
