{"metadata":{"asset_id":"78e5f80a-517f-41bf-a794-fd7a1d3527f5","asset_attributes":["data_asset"],"name":"german_credit_data.csv","asset_type":"data_asset","created_at":"2021-05-28T17:54:33Z","description":"","origin_country":"us","owner_id":"IBMid-060000B8AS","project_id":"e092adca-b337-4232-87d0-5afb4a019852","size":879632,"tags":[],"usage":{"last_update_time":1622224474670,"last_updated_at":"2021-05-28T17:54:34Z"}},"entity":{"data_asset":{"mime_type":"text/csv","dataset":false}},"attachments":[{"id":"d80a6730-9c68-44e5-89c9-c5500015f243","version":2,"asset_type":"data_asset","name":"german_credit_data.csv","mime":"text/csv","datasource_type":"193a97c1-4475-4a19-b90c-295c4fdc6517","object_key":"german_credit_data.csv","creator_id":"iam-ServiceId-f49c5558-c247-4983-a04f-7d3c7a3d55da","create_time":1622224474568,"size":879632,"is_remote":false,"is_managed":false,"is_referenced":true,"is_object_key_read_only":false,"is_user_provided_path_key":true,"transfer_complete":true,"is_partitioned":false,"complete_time_ticks":1622224474568,"user_data":{},"test_doc":0,"handle":{"bucket":"ddc2021devtoproductionproject-donotdelete-pr-drzotlpmjyu4rb","location":"us-geo","key":"german_credit_data.csv","upload_id":"done","max_part_num":1},"usage":{"access_count":0,"last_accessor_id":"iam-ServiceId-f49c5558-c247-4983-a04f-7d3c7a3d55da","last_access_time":1622224474568}}]}
