{"metadata":{"asset_id":"4c755ea8-3fb5-48ba-bd5b-b9c4531a4ef4","asset_attributes":["data_asset"],"name":"German-Credit-Risk-SmallBatchSet.csv","asset_type":"data_asset","created_at":"2021-05-28T17:54:33Z","description":"","origin_country":"us","owner_id":"IBMid-060000B8AS","project_id":"e092adca-b337-4232-87d0-5afb4a019852","size":2207,"tags":[],"usage":{"last_update_time":1622224474491,"last_updated_at":"2021-05-28T17:54:34Z"}},"entity":{"data_asset":{"mime_type":"text/csv","dataset":false}},"attachments":[{"id":"9f90291d-946e-45b4-af81-d75f223e5d1e","version":2,"asset_type":"data_asset","name":"German-Credit-Risk-SmallBatchSet.csv","mime":"text/csv","datasource_type":"193a97c1-4475-4a19-b90c-295c4fdc6517","object_key":"German-Credit-Risk-SmallBatchSet.csv","creator_id":"iam-ServiceId-f49c5558-c247-4983-a04f-7d3c7a3d55da","create_time":1622224474370,"size":2207,"is_remote":false,"is_managed":false,"is_referenced":true,"is_object_key_read_only":false,"is_user_provided_path_key":true,"transfer_complete":true,"is_partitioned":false,"complete_time_ticks":1622224474370,"user_data":{},"test_doc":0,"handle":{"bucket":"ddc2021devtoproductionproject-donotdelete-pr-drzotlpmjyu4rb","location":"us-geo","key":"German-Credit-Risk-SmallBatchSet.csv","upload_id":"done","max_part_num":1},"usage":{"access_count":0,"last_accessor_id":"iam-ServiceId-f49c5558-c247-4983-a04f-7d3c7a3d55da","last_access_time":1622224474370}}]}
