{"metadata":{"asset_id":"12117d2a-8494-4c65-8c28-844e6d76e73b","asset_attributes":["data_asset"],"name":"applicant_loan_data.csv","asset_type":"data_asset","created_at":"2021-05-12T01:59:34Z","description":"","origin_country":"us","owner_id":"IBMid-060000B8AS","project_id":"008df86f-4b54-44e2-98c4-26f2fdf346a8","size":350337,"tags":[],"usage":{"last_update_time":1620784774786,"last_updated_at":"2021-05-12T01:59:34Z"}},"entity":{"data_asset":{"mime_type":"text/csv","dataset":false}},"attachments":[{"id":"4e1fc97c-4aff-4075-a3cd-2ea5a917506b","version":2,"asset_type":"data_asset","name":"applicant_loan_data.csv","mime":"text/csv","datasource_type":"193a97c1-4475-4a19-b90c-295c4fdc6517","object_key":"applicant_loan_data.csv","creator_id":"iam-ServiceId-f49c5558-c247-4983-a04f-7d3c7a3d55da","create_time":1620784774623,"size":350337,"is_remote":false,"is_managed":false,"is_referenced":true,"is_object_key_read_only":false,"is_user_provided_path_key":true,"transfer_complete":true,"is_partitioned":false,"complete_time_ticks":1620784774623,"user_data":{},"test_doc":0,"handle":{"bucket":"ddcdevtoproductionproject-donotdelete-pr-01yem3fexmartq","location":"us-geo","key":"applicant_loan_data.csv","upload_id":"done","max_part_num":1},"usage":{"access_count":0,"last_accessor_id":"iam-ServiceId-f49c5558-c247-4983-a04f-7d3c7a3d55da","last_access_time":1620784774623}}]}
