{"metadata":{"asset_id":"912ca3d6-cad3-4ad3-8119-89bade6e7a9e","asset_attributes":["notebook"],"name":"machinelearning-creditrisk-batchscoring","asset_type":"notebook","created_at":"2021-05-25T14:19:03Z","description":"","origin_country":"us","owner_id":"iam-ServiceId-9e68bc5f-c5f6-4f6f-8bcf-e57f47b9d1b1","project_id":"6e3eb6e8-8fa5-4d50-94b5-03b8c9389825","size":11044,"tags":["notebook"],"usage":{"last_update_time":1621952422080,"last_updated_at":"2021-05-25T14:20:22Z"}},"entity":{"notebook":{"kernel":{"name":"python3","display_name":"Python 3.7","language":"python"},"originates_from":{"type":"file"},"runtime":{"environment":"conda2py37-6e3eb6e8-8fa5-4d50-94b5-03b8c9389825"}}},"attachments":[{"id":"08205d9b-7fc6-467d-9b96-d9d0b74e87c9","version":2,"asset_type":"notebook","name":"attachment for notebook 912ca3d6-cad3-4ad3-8119-89bade6e7a9e","description":"attachment for notebook 912ca3d6-cad3-4ad3-8119-89bade6e7a9e","mime":"application/json","datasource_type":"193a97c1-4475-4a19-b90c-295c4fdc6517","object_key":"notebook/machinelearning-creditrisk-batchscoring_2gAWNBy_j.ipynb","creator_id":"IBMid-060000B8AS","create_time":1621952343604,"size":11044,"is_remote":false,"is_managed":false,"is_referenced":true,"is_object_key_read_only":false,"is_user_provided_path_key":true,"transfer_complete":true,"is_partitioned":false,"complete_time_ticks":1621952343604,"user_data":{},"test_doc":0,"handle":{"bucket":"ddc2021devtoproductionproject-donotdelete-pr-ivmxctqxjxudls","location":"us-geo","key":"notebook/machinelearning-creditrisk-batchscoring_2gAWNBy_j.ipynb","upload_id":"done","max_part_num":1},"usage":{"access_count":0,"last_accessor_id":"IBMid-060000B8AS","last_access_time":1621952343604}}]}
