{"metadata":{"asset_id":"e43f4826-4f99-4ac4-a6b5-d90b18d5e839","asset_attributes":["notebook"],"name":"bias-mitigation","asset_type":"notebook","created_at":"2021-05-17T16:04:40Z","description":"","origin_country":"us","owner_id":"IBMid-060000B8AS","project_id":"008df86f-4b54-44e2-98c4-26f2fdf346a8","size":59223,"tags":["notebook"],"usage":{"last_update_time":1621309442697,"last_updated_at":"2021-05-18T03:44:02Z"}},"entity":{"notebook":{"kernel":{"name":"python3","display_name":"Python 3.7","language":"python"},"originates_from":{"type":"blank"},"runtime":{"environment":"conda2py37-008df86f-4b54-44e2-98c4-26f2fdf346a8"}}},"attachments":[{"id":"ec363a86-5b85-47a0-995b-f97051a94443","version":2,"asset_type":"notebook","name":"attachment for notebook e43f4826-4f99-4ac4-a6b5-d90b18d5e839","description":"attachment for notebook e43f4826-4f99-4ac4-a6b5-d90b18d5e839","mime":"application/json","datasource_type":"193a97c1-4475-4a19-b90c-295c4fdc6517","object_key":"notebook/bias-mitigation_aIF3f45mq.ipynb","creator_id":"IBMid-060000B8AS","create_time":1621267480982,"size":59223,"is_remote":false,"is_managed":false,"is_referenced":true,"is_object_key_read_only":false,"is_user_provided_path_key":true,"transfer_complete":true,"is_partitioned":false,"complete_time_ticks":1621267480982,"user_data":{},"test_doc":0,"handle":{"bucket":"ddcdevtoproductionproject-donotdelete-pr-01yem3fexmartq","location":"us-geo","key":"notebook/bias-mitigation_aIF3f45mq.ipynb","upload_id":"done","max_part_num":1},"usage":{"access_count":0,"last_accessor_id":"IBMid-060000B8AS","last_access_time":1621267480982}}]}
