{"metadata":{"asset_id":"94ad4b68-9acf-442a-a335-3e2667305642","asset_attributes":["notebook"],"name":"bias-mitigation","asset_type":"notebook","created_at":"2021-05-28T17:54:35Z","description":"","origin_country":"us","owner_id":"iam-ServiceId-9e68bc5f-c5f6-4f6f-8bcf-e57f47b9d1b1","project_id":"e092adca-b337-4232-87d0-5afb4a019852","size":34883,"tags":["notebook"],"usage":{"last_update_time":1622224558980,"last_updated_at":"2021-05-28T17:55:58Z"}},"entity":{"notebook":{"kernel":{"name":"python3","display_name":"Python 3.7","language":"python"},"originates_from":{"type":"file"},"runtime":{"environment":"conda2py37-e092adca-b337-4232-87d0-5afb4a019852"}}},"attachments":[{"id":"c34007c6-8eb9-471f-a519-ac35feb6c77c","version":2,"asset_type":"notebook","name":"attachment for notebook 94ad4b68-9acf-442a-a335-3e2667305642","description":"attachment for notebook 94ad4b68-9acf-442a-a335-3e2667305642","mime":"application/json","datasource_type":"193a97c1-4475-4a19-b90c-295c4fdc6517","object_key":"notebook/bias-mitigation_aIF3f45mq.ipynb","creator_id":"IBMid-060000B8AS","create_time":1622224475617,"size":34883,"is_remote":false,"is_managed":false,"is_referenced":true,"is_object_key_read_only":false,"is_user_provided_path_key":true,"transfer_complete":true,"is_partitioned":false,"complete_time_ticks":1622224475617,"user_data":{},"test_doc":0,"handle":{"bucket":"ddc2021devtoproductionproject-donotdelete-pr-drzotlpmjyu4rb","location":"us-geo","key":"notebook/bias-mitigation_aIF3f45mq.ipynb","upload_id":"done","max_part_num":1},"usage":{"access_count":0,"last_accessor_id":"IBMid-060000B8AS","last_access_time":1622224475617}}]}
