{"metadata":{"asset_id":"51e9d452-9c09-43f4-b530-3691efa2da41","asset_attributes":["notebook"],"name":"machinelearning-creditrisk-batchscoring","asset_type":"notebook","created_at":"2021-05-12T19:30:01Z","description":"","origin_country":"us","owner_id":"IBMid-060000B8AS","project_id":"008df86f-4b54-44e2-98c4-26f2fdf346a8","size":11544,"tags":["notebook"],"usage":{"last_update_time":1620847957667,"last_updated_at":"2021-05-12T19:32:37Z"}},"entity":{"notebook":{"kernel":{"name":"python3","display_name":"Python 3.7","language":"python"},"originates_from":{"type":"blank"},"runtime":{"environment":"conda2py37-008df86f-4b54-44e2-98c4-26f2fdf346a8"}}},"attachments":[{"id":"5b7f188e-1396-4c43-89c6-61b7a4f6dbeb","version":2,"asset_type":"notebook","name":"attachment for notebook 51e9d452-9c09-43f4-b530-3691efa2da41","description":"attachment for notebook 51e9d452-9c09-43f4-b530-3691efa2da41","mime":"application/json","datasource_type":"193a97c1-4475-4a19-b90c-295c4fdc6517","object_key":"notebook/machinelearning-creditrisk-batchscoring_2gAWNBy_j.ipynb","creator_id":"IBMid-060000B8AS","create_time":1620847801691,"size":11544,"is_remote":false,"is_managed":false,"is_referenced":true,"is_object_key_read_only":false,"is_user_provided_path_key":true,"transfer_complete":true,"is_partitioned":false,"complete_time_ticks":1620847801691,"user_data":{},"test_doc":0,"handle":{"bucket":"ddcdevtoproductionproject-donotdelete-pr-01yem3fexmartq","location":"us-geo","key":"notebook/machinelearning-creditrisk-batchscoring_2gAWNBy_j.ipynb","upload_id":"done","max_part_num":1},"usage":{"access_count":0,"last_accessor_id":"IBMid-060000B8AS","last_access_time":1620847801691}}]}
